{"min_whites_total": 27.961468367612603, "max_whites_total": 50.647704871867084, "median_whites_total": 39.36168909148837}